-- MySQL dump 10.13  Distrib 8.0.12, for osx10.13 (x86_64)
--
-- Host: localhost    Database: coupDePousse
-- ------------------------------------------------------
-- Server version	8.0.12

/*!40101 SET @OLD_CHARACTER_SET_CLIENT=@@CHARACTER_SET_CLIENT */;
/*!40101 SET @OLD_CHARACTER_SET_RESULTS=@@CHARACTER_SET_RESULTS */;
/*!40101 SET @OLD_COLLATION_CONNECTION=@@COLLATION_CONNECTION */;
 SET NAMES utf8mb4 ;
/*!40103 SET @OLD_TIME_ZONE=@@TIME_ZONE */;
/*!40103 SET TIME_ZONE='+00:00' */;
/*!40014 SET @OLD_UNIQUE_CHECKS=@@UNIQUE_CHECKS, UNIQUE_CHECKS=0 */;
/*!40014 SET @OLD_FOREIGN_KEY_CHECKS=@@FOREIGN_KEY_CHECKS, FOREIGN_KEY_CHECKS=0 */;
/*!40101 SET @OLD_SQL_MODE=@@SQL_MODE, SQL_MODE='NO_AUTO_VALUE_ON_ZERO' */;
/*!40111 SET @OLD_SQL_NOTES=@@SQL_NOTES, SQL_NOTES=0 */;

--
-- Table structure for table `badge`
--

DROP TABLE IF EXISTS `badge`;
/*!40101 SET @saved_cs_client     = @@character_set_client */;
 SET character_set_client = utf8mb4 ;
CREATE TABLE `badge` (
  `id` int(11) NOT NULL AUTO_INCREMENT,
  `image` longtext COLLATE utf8mb4_unicode_ci NOT NULL,
  `name` varchar(255) COLLATE utf8mb4_unicode_ci NOT NULL,
  PRIMARY KEY (`id`)
) ENGINE=InnoDB AUTO_INCREMENT=49 DEFAULT CHARSET=utf8mb4 COLLATE=utf8mb4_unicode_ci;
/*!40101 SET character_set_client = @saved_cs_client */;

--
-- Dumping data for table `badge`
--

LOCK TABLES `badge` WRITE;
/*!40000 ALTER TABLE `badge` DISABLE KEYS */;
INSERT INTO `badge` VALUES (43,'https://lorempixel.com/300/480/?86850','Jeune Pousse'),(44,'https://lorempixel.com/300/480/?31501','Bonzaï'),(45,'https://lorempixel.com/300/480/?88198','Ficus'),(46,'https://lorempixel.com/300/480/?20681','Belle Plante'),(47,'https://lorempixel.com/300/480/?18505','Bambou'),(48,'https://lorempixel.com/300/480/?58177','Baobab');
/*!40000 ALTER TABLE `badge` ENABLE KEYS */;
UNLOCK TABLES;

--
-- Table structure for table `challenge`
--

DROP TABLE IF EXISTS `challenge`;
/*!40101 SET @saved_cs_client     = @@character_set_client */;
 SET character_set_client = utf8mb4 ;
CREATE TABLE `challenge` (
  `id` int(11) NOT NULL AUTO_INCREMENT,
  `description` varchar(255) COLLATE utf8mb4_unicode_ci NOT NULL,
  PRIMARY KEY (`id`)
) ENGINE=InnoDB AUTO_INCREMENT=33 DEFAULT CHARSET=utf8mb4 COLLATE=utf8mb4_unicode_ci;
/*!40101 SET character_set_client = @saved_cs_client */;

--
-- Dumping data for table `challenge`
--

LOCK TABLES `challenge` WRITE;
/*!40000 ALTER TABLE `challenge` DISABLE KEYS */;
INSERT INTO `challenge` VALUES (29,'Vider votre corbeille mail'),(30,'Éteindre votre ordinateur avant votre dépard'),(31,'Éteindre l\'imprimante'),(32,'Choisir les options utile');
/*!40000 ALTER TABLE `challenge` ENABLE KEYS */;
UNLOCK TABLES;

--
-- Table structure for table `realisation`
--

DROP TABLE IF EXISTS `realisation`;
/*!40101 SET @saved_cs_client     = @@character_set_client */;
 SET character_set_client = utf8mb4 ;
CREATE TABLE `realisation` (
  `id` int(11) NOT NULL AUTO_INCREMENT,
  `user_id` int(11) DEFAULT NULL,
  `challenge_id` int(11) DEFAULT NULL,
  `created_at` datetime NOT NULL,
  PRIMARY KEY (`id`),
  KEY `IDX_EAA5610EA76ED395` (`user_id`),
  KEY `IDX_EAA5610E98A21AC6` (`challenge_id`),
  CONSTRAINT `FK_EAA5610E98A21AC6` FOREIGN KEY (`challenge_id`) REFERENCES `challenge` (`id`),
  CONSTRAINT `FK_EAA5610EA76ED395` FOREIGN KEY (`user_id`) REFERENCES `user` (`id`)
) ENGINE=InnoDB AUTO_INCREMENT=1286 DEFAULT CHARSET=utf8mb4 COLLATE=utf8mb4_unicode_ci;
/*!40101 SET character_set_client = @saved_cs_client */;

--
-- Dumping data for table `realisation`
--

LOCK TABLES `realisation` WRITE;
/*!40000 ALTER TABLE `realisation` DISABLE KEYS */;
INSERT INTO `realisation` VALUES (1036,208,30,'1990-11-29 06:10:36'),(1037,208,32,'2007-11-09 12:12:17'),(1038,208,32,'2014-08-15 03:57:27'),(1039,208,31,'2015-06-02 13:23:28'),(1040,208,32,'2002-03-09 10:04:07'),(1041,209,32,'1987-06-13 15:12:13'),(1042,209,32,'1978-01-22 15:04:44'),(1043,209,32,'2007-02-23 23:46:22'),(1044,209,32,'1975-06-24 14:04:58'),(1045,209,32,'1992-04-08 13:58:24'),(1046,210,32,'1998-11-23 09:46:10'),(1047,210,32,'1986-01-22 10:59:14'),(1048,210,29,'2013-10-03 03:45:56'),(1049,210,30,'1972-01-27 18:21:36'),(1050,210,32,'1987-08-24 12:57:59'),(1051,211,32,'1976-03-05 03:12:01'),(1052,211,32,'2011-06-12 16:27:55'),(1053,211,29,'1977-12-28 00:36:51'),(1054,211,32,'1991-04-13 13:04:25'),(1055,211,32,'1972-03-09 21:42:27'),(1056,212,32,'2001-07-30 13:29:36'),(1057,212,32,'1979-08-12 18:37:26'),(1058,212,32,'1974-03-30 05:20:12'),(1059,212,32,'2011-12-13 20:32:50'),(1060,212,31,'1995-06-05 17:25:15'),(1061,213,32,'1990-03-12 18:24:52'),(1062,213,29,'2002-08-04 20:25:16'),(1063,213,32,'2005-01-09 21:09:43'),(1064,213,32,'2002-07-26 14:41:41'),(1065,213,32,'1985-02-24 11:06:13'),(1066,214,32,'1991-07-30 21:51:25'),(1067,214,30,'1984-10-08 05:52:40'),(1068,214,32,'1995-04-05 10:48:55'),(1069,214,31,'2010-08-19 12:46:36'),(1070,214,32,'1977-05-19 03:45:46'),(1071,215,32,'1978-05-17 18:26:45'),(1072,215,32,'1983-05-30 03:44:29'),(1073,215,32,'2007-03-23 11:50:10'),(1074,215,32,'1999-09-09 04:22:57'),(1075,215,32,'2008-07-02 06:37:37'),(1076,216,32,'2010-12-18 05:20:09'),(1077,216,29,'1992-06-25 19:30:31'),(1078,216,32,'2006-04-15 18:55:19'),(1079,216,32,'2008-06-15 09:52:43'),(1080,216,30,'2017-08-18 12:07:49'),(1081,217,32,'2018-01-04 13:48:34'),(1082,217,32,'2006-07-24 00:40:31'),(1083,217,32,'1987-03-19 18:01:00'),(1084,217,32,'1981-06-14 05:04:43'),(1085,217,32,'1995-05-09 22:06:32'),(1086,218,32,'1999-12-08 16:54:58'),(1087,218,32,'1974-08-15 07:03:40'),(1088,218,29,'1981-10-07 21:44:55'),(1089,218,32,'1990-02-03 14:27:58'),(1090,218,32,'1972-12-26 17:24:29'),(1091,219,32,'2013-03-03 16:02:27'),(1092,219,32,'1999-03-28 15:24:35'),(1093,219,32,'1994-05-05 09:49:11'),(1094,219,32,'1987-02-08 10:30:56'),(1095,219,31,'2007-08-30 08:46:59'),(1096,220,32,'1998-06-26 09:03:43'),(1097,220,32,'1971-10-16 14:40:07'),(1098,220,32,'1976-12-15 02:02:52'),(1099,220,32,'1975-05-10 08:15:11'),(1100,220,32,'2006-03-19 15:55:35'),(1101,221,32,'1995-03-16 13:24:56'),(1102,221,32,'1997-11-16 16:19:15'),(1103,221,32,'2007-03-15 01:00:52'),(1104,221,32,'1981-02-18 11:52:06'),(1105,221,31,'1977-07-09 05:16:06'),(1106,222,32,'1990-12-25 23:17:37'),(1107,222,32,'2015-12-13 04:21:16'),(1108,222,32,'2010-12-02 23:46:10'),(1109,222,32,'2007-11-18 02:13:01'),(1110,222,32,'1977-07-27 08:41:18'),(1111,223,31,'1978-06-16 14:23:29'),(1112,223,32,'1978-01-25 00:22:20'),(1113,223,32,'2006-07-20 19:13:49'),(1114,223,30,'1970-12-17 12:03:01'),(1115,223,32,'1996-04-19 11:29:42'),(1116,224,32,'1997-08-05 18:26:08'),(1117,224,32,'1981-10-08 19:17:18'),(1118,224,32,'1989-10-13 10:29:07'),(1119,224,32,'1993-05-06 19:54:16'),(1120,224,32,'1987-11-22 13:28:03'),(1121,225,32,'1989-01-07 11:55:18'),(1122,225,32,'2002-11-06 13:07:44'),(1123,225,30,'1993-12-05 19:29:04'),(1124,225,32,'2011-12-22 06:46:20'),(1125,225,32,'1975-09-05 14:29:00'),(1126,226,32,'2009-03-16 11:16:51'),(1127,226,32,'2014-09-09 21:49:57'),(1128,226,32,'2003-03-08 17:18:14'),(1129,226,32,'1989-07-11 12:21:35'),(1130,226,32,'2005-04-01 06:56:42'),(1131,227,32,'1982-05-08 20:45:55'),(1132,227,32,'1987-02-20 08:48:26'),(1133,227,32,'2012-06-09 00:55:05'),(1134,227,32,'1998-04-24 23:17:51'),(1135,227,32,'1994-06-24 18:43:55'),(1136,228,32,'1972-08-03 21:59:22'),(1137,228,32,'1989-03-23 13:34:57'),(1138,228,32,'1976-01-21 13:50:58'),(1139,228,32,'1974-10-06 23:31:33'),(1140,228,32,'1972-10-21 12:23:17'),(1141,229,32,'1976-06-28 23:49:01'),(1142,229,31,'2001-05-23 17:03:14'),(1143,229,32,'1972-05-25 12:52:06'),(1144,229,32,'2011-09-01 08:32:02'),(1145,229,32,'2017-04-09 00:23:43'),(1146,230,32,'1991-12-10 05:01:53'),(1147,230,32,'1985-02-24 12:29:55'),(1148,230,32,'2001-07-31 05:23:27'),(1149,230,32,'1993-07-02 23:42:03'),(1150,230,31,'1989-10-04 22:17:14'),(1151,231,32,'2016-10-26 17:11:20'),(1152,231,32,'1999-09-17 18:22:37'),(1153,231,32,'1970-01-28 15:33:03'),(1154,231,32,'1980-07-07 21:07:33'),(1155,231,32,'1971-03-07 16:19:27'),(1156,232,32,'1996-07-20 20:04:03'),(1157,232,32,'2002-05-13 01:21:24'),(1158,232,32,'1999-04-13 23:17:51'),(1159,232,32,'2014-09-13 07:45:09'),(1160,232,32,'1979-09-20 07:19:29'),(1161,233,32,'2008-07-28 02:01:55'),(1162,233,30,'1988-02-22 23:45:46'),(1163,233,32,'1992-08-25 07:00:18'),(1164,233,32,'2010-04-01 16:55:47'),(1165,233,32,'1980-05-01 14:42:21'),(1166,234,32,'2007-06-17 19:40:20'),(1167,234,32,'2018-03-29 09:45:42'),(1168,234,32,'2007-01-21 18:34:43'),(1169,234,32,'1986-03-03 00:51:53'),(1170,234,32,'2006-05-18 13:43:30'),(1171,235,32,'1981-05-11 01:51:22'),(1172,235,32,'1983-10-24 17:07:57'),(1173,235,31,'2003-08-22 08:54:33'),(1174,235,32,'1979-05-01 03:05:02'),(1175,235,32,'2012-05-29 05:03:50'),(1176,236,32,'1972-01-22 00:58:29'),(1177,236,32,'1997-05-12 18:13:03'),(1178,236,32,'1972-05-12 15:34:51'),(1179,236,32,'2017-01-01 22:43:30'),(1180,236,32,'2008-12-28 10:32:37'),(1181,237,32,'1975-01-07 17:57:15'),(1182,237,32,'2004-11-07 21:41:36'),(1183,237,32,'2007-11-01 21:13:34'),(1184,237,32,'2001-03-13 13:01:54'),(1185,237,32,'2011-07-11 02:49:00'),(1186,238,32,'1976-08-01 20:56:24'),(1187,238,32,'2005-05-01 11:34:00'),(1188,238,32,'1985-03-26 04:17:10'),(1189,238,32,'1993-10-09 01:32:10'),(1190,238,32,'1973-11-15 10:06:46'),(1191,239,32,'1997-09-30 06:19:46'),(1192,239,32,'1980-12-15 03:09:04'),(1193,239,32,'1971-05-30 11:41:18'),(1194,239,31,'2000-05-03 05:07:06'),(1195,239,32,'2012-05-28 21:59:41'),(1196,240,30,'2014-06-09 15:56:35'),(1197,240,32,'1980-04-21 16:28:42'),(1198,240,32,'2003-08-02 18:47:12'),(1199,240,32,'2017-04-27 19:31:51'),(1200,240,32,'2004-10-06 14:18:42'),(1201,241,32,'1970-03-09 09:43:37'),(1202,241,32,'1983-04-29 06:07:22'),(1203,241,32,'1974-05-13 19:45:44'),(1204,241,32,'2005-04-24 07:44:32'),(1205,241,32,'2002-01-31 02:38:42'),(1206,242,32,'1979-11-30 13:29:31'),(1207,242,32,'2011-08-30 12:13:47'),(1208,242,32,'1998-12-08 15:10:08'),(1209,242,32,'1976-07-12 21:00:19'),(1210,242,32,'1984-03-01 15:32:50'),(1211,243,32,'2003-08-13 08:31:19'),(1212,243,32,'1988-11-09 08:47:59'),(1213,243,32,'2012-10-01 03:58:24'),(1214,243,32,'2010-07-25 11:42:18'),(1215,243,32,'2013-02-06 12:51:32'),(1216,244,32,'2011-04-13 11:59:26'),(1217,244,32,'2005-11-09 22:56:19'),(1218,244,32,'1985-01-29 12:51:35'),(1219,244,32,'1993-10-23 20:56:07'),(1220,244,31,'1970-06-06 00:11:43'),(1221,245,32,'2008-12-29 05:10:22'),(1222,245,32,'2015-04-27 21:28:29'),(1223,245,32,'1995-01-04 14:10:25'),(1224,245,32,'1980-01-08 13:53:04'),(1225,245,32,'1975-05-05 16:35:05'),(1226,246,32,'1979-11-12 18:12:31'),(1227,246,32,'1976-09-19 06:56:20'),(1228,246,30,'2011-04-09 10:35:06'),(1229,246,32,'1985-02-23 19:56:03'),(1230,246,32,'1971-09-01 00:20:58'),(1231,247,32,'1980-01-09 14:13:15'),(1232,247,31,'2015-04-21 20:22:59'),(1233,247,32,'2006-02-06 09:35:02'),(1234,247,32,'1994-11-29 07:03:01'),(1235,247,32,'1991-04-09 09:37:25'),(1236,248,32,'2015-08-01 17:08:33'),(1237,248,32,'2002-07-01 09:27:26'),(1238,248,32,'1981-05-19 14:39:27'),(1239,248,32,'1982-12-08 13:28:30'),(1240,248,30,'2018-08-14 15:31:15'),(1241,249,32,'1978-07-22 06:26:20'),(1242,249,32,'1991-05-30 21:01:34'),(1243,249,32,'1990-09-11 08:15:28'),(1244,249,32,'1986-10-07 18:34:48'),(1245,249,30,'1992-12-24 22:01:30'),(1246,250,32,'1989-09-02 03:48:22'),(1247,250,32,'1998-10-07 09:41:27'),(1248,250,32,'1978-01-27 11:05:44'),(1249,250,30,'1983-05-05 05:07:21'),(1250,250,32,'2001-03-16 05:38:15'),(1251,251,32,'2002-05-01 18:58:13'),(1252,251,32,'1978-06-15 01:05:39'),(1253,251,31,'1978-11-17 02:24:42'),(1254,251,32,'1991-01-27 22:05:33'),(1255,251,32,'1985-12-16 05:04:57'),(1256,252,32,'1985-02-08 08:48:01'),(1257,252,32,'2012-02-13 01:04:16'),(1258,252,32,'1998-04-21 21:41:04'),(1259,252,32,'1994-12-31 14:22:36'),(1260,252,32,'2011-11-24 06:17:52'),(1261,253,30,'1972-06-20 03:59:26'),(1262,253,32,'1985-11-16 10:40:25'),(1263,253,32,'1974-07-19 12:51:25'),(1264,253,32,'1986-04-12 03:52:33'),(1265,253,32,'2011-08-16 03:03:10'),(1266,254,32,'2005-09-22 21:53:12'),(1267,254,31,'2007-01-07 10:07:11'),(1268,254,32,'1972-09-10 14:18:40'),(1269,254,30,'2016-10-15 07:41:52'),(1270,254,32,'2005-10-19 04:26:36'),(1271,255,32,'2015-06-24 20:23:43'),(1272,255,32,'2011-12-15 13:10:33'),(1273,255,32,'1999-01-29 20:13:11'),(1274,255,32,'2013-05-12 01:40:57'),(1275,255,31,'1976-10-03 07:00:01'),(1276,256,31,'1975-10-15 11:37:31'),(1277,256,32,'1992-03-16 03:24:24'),(1278,256,32,'1980-01-18 08:53:06'),(1279,256,32,'1977-02-04 12:19:33'),(1280,256,32,'1999-05-09 20:32:29'),(1281,257,32,'2005-01-05 22:15:33'),(1282,257,32,'1999-08-08 00:08:55'),(1283,257,30,'2006-07-10 02:49:42'),(1284,257,32,'2005-12-17 10:06:55'),(1285,257,32,'1993-08-27 15:46:25');
/*!40000 ALTER TABLE `realisation` ENABLE KEYS */;
UNLOCK TABLES;

--
-- Table structure for table `user`
--

DROP TABLE IF EXISTS `user`;
/*!40101 SET @saved_cs_client     = @@character_set_client */;
 SET character_set_client = utf8mb4 ;
CREATE TABLE `user` (
  `id` int(11) NOT NULL AUTO_INCREMENT,
  `firstname` varchar(255) COLLATE utf8mb4_unicode_ci NOT NULL,
  `lastname` varchar(255) COLLATE utf8mb4_unicode_ci NOT NULL,
  PRIMARY KEY (`id`)
) ENGINE=InnoDB AUTO_INCREMENT=258 DEFAULT CHARSET=utf8mb4 COLLATE=utf8mb4_unicode_ci;
/*!40101 SET character_set_client = @saved_cs_client */;

--
-- Dumping data for table `user`
--

LOCK TABLES `user` WRITE;
/*!40000 ALTER TABLE `user` DISABLE KEYS */;
INSERT INTO `user` VALUES (208,'Daniel','Robin'),(209,'Françoise','Jacques'),(210,'Matthieu','Duhamel'),(211,'Philippe','Dupre'),(212,'Luc','Fernandes'),(213,'Stéphane','Morel'),(214,'Louis','Auger'),(215,'Victoire','Ferreira'),(216,'Honoré','Faure'),(217,'Diane','Regnier'),(218,'Joseph','Marechal'),(219,'Jeannine','Royer'),(220,'Corinne','Joly'),(221,'Richard','Bailly'),(222,'Frédéric','Bigot'),(223,'Aurore','Faivre'),(224,'Alexandre','Jacob'),(225,'Joseph','Ferrand'),(226,'Édouard','Blanc'),(227,'Georges','Rodrigues'),(228,'Renée','Gallet'),(229,'Jeannine','Colas'),(230,'Andrée','Navarro'),(231,'Anouk','Traore'),(232,'Suzanne','Dumont'),(233,'Matthieu','Berthelot'),(234,'Étienne','Guillou'),(235,'Nath','Andre'),(236,'Josette','Herve'),(237,'Suzanne','Mercier'),(238,'Frédérique','Legros'),(239,'Andrée','Nicolas'),(240,'Mathilde','Riou'),(241,'Emmanuel','Petit'),(242,'Anaïs','Peron'),(243,'Nicole','Pichon'),(244,'Bertrand','Gautier'),(245,'Thierry','Parent'),(246,'Nicolas','Riviere'),(247,'Alain','Martins'),(248,'Véronique','Teixeira'),(249,'Daniel','Duhamel'),(250,'Laetitia','Delmas'),(251,'Élisabeth','Perrin'),(252,'Guy','Chevalier'),(253,'Margaux','Thibault'),(254,'Odette','Faure'),(255,'Guillaume','Durand'),(256,'Isaac','Martins'),(257,'Marcelle','Ledoux');
/*!40000 ALTER TABLE `user` ENABLE KEYS */;
UNLOCK TABLES;
/*!40103 SET TIME_ZONE=@OLD_TIME_ZONE */;

/*!40101 SET SQL_MODE=@OLD_SQL_MODE */;
/*!40014 SET FOREIGN_KEY_CHECKS=@OLD_FOREIGN_KEY_CHECKS */;
/*!40014 SET UNIQUE_CHECKS=@OLD_UNIQUE_CHECKS */;
/*!40101 SET CHARACTER_SET_CLIENT=@OLD_CHARACTER_SET_CLIENT */;
/*!40101 SET CHARACTER_SET_RESULTS=@OLD_CHARACTER_SET_RESULTS */;
/*!40101 SET COLLATION_CONNECTION=@OLD_COLLATION_CONNECTION */;
/*!40111 SET SQL_NOTES=@OLD_SQL_NOTES */;

-- Dump completed on 2018-12-20 19:57:03
